Property_ID,Location,Property_Type,Size_sq_ft,Bedrooms,Bathrooms,Year_Built,Sale_Price,Rental_Price,Listing_Date
P00001,Eldoret,Apartment,3060,4,3,1991,14838428,95716,2023-01-01
P00002,Nakuru,House,3891,2,1,1996,19130540,153252,2023-01-02
P00003,Kisumu,Apartment,3465,5,2,1993,37926887,108538,2023-01-03
P00004,Nakuru,House,4143,5,3,1993,5268173,25372,2023-01-04
P00005,Nakuru,Commercial,4350,4,3,2013,7034722,39796,2023-01-05
P00006,Mombasa,Commercial,1372,2,2,1999,43812847,199344,2023-01-06
P00007,Kisumu,House,1752,5,1,1990,24787347,108826,2023-01-07
P00008,Kisumu,House,1814,3,2,1995,17611127,130592,2023-01-08
P00009,Kisumu,House,3398,1,3,2010,5070028,103635,2023-01-09
P00010,Nakuru,Commercial,577,1,2,1985,25728252,121022,2023-01-10
P00011,Eldoret,House,3121,1,1,1998,24647205,64040,2023-01-11
P00012,Kisumu,Commercial,4727,2,3,2016,45607536,85357,2023-01-12
P00013,Nakuru,Apartment,1100,4,2,1983,33916781,88356,2023-01-13
P00014,Mombasa,Commercial,1565,5,1,1983,12260784,26211,2023-01-14
P00015,Eldoret,Commercial,2636,3,3,1999,2369277,115426,2023-01-15
P00016,Mombasa,Apartment,2949,3,1,1989,23299783,15842,2023-01-16
P00017,Eldoret,Commercial,2843,2,3,2003,24499306,76852,2023-01-17
P00018,Nakuru,House,2363,1,2,2014,1749971,135737,2023-01-18
P00019,Nairobi,House,1818,2,1,2005,16711072,55968,2023-01-19
P00020,Eldoret,Commercial,4097,4,3,2016,47109273,27508,2023-01-20
P00021,Mombasa,House,4262,4,1,2017,42776934,163077,2023-01-21
P00022,Nakuru,Commercial,2690,5,1,2000,25527188,64575,2023-01-22
P00023,Eldoret,House,1492,5,2,2019,5460276,160043,2023-01-23
P00024,Nairobi,House,3212,4,1,2018,42011120,166671,2023-01-24
P00025,Nairobi,Commercial,2692,4,3,2000,27507881,76914,2023-01-25
P00026,Kisumu,House,1748,4,3,1989,43428797,77055,2023-01-26
P00027,Kisumu,Commercial,3554,2,3,2017,28445000,97697,2023-01-27
P00028,Mombasa,House,4533,4,3,1983,18962327,116239,2023-01-28
P00029,Eldoret,House,2497,3,2,1999,39516260,133106,2023-01-29
P00030,Eldoret,Apartment,4187,1,1,1996,15226224,15355,2023-01-30
P00031,Kisumu,Apartment,2651,4,2,1986,34034792,64120,2023-01-31
P00032,Eldoret,Commercial,4518,1,1,1983,25509968,48342,2023-02-01
P00033,Eldoret,Apartment,3610,2,1,2008,20170135,12257,2023-02-02
P00034,Nairobi,Commercial,2470,1,1,1993,2500948,37364,2023-02-03
P00035,Kisumu,Apartment,697,2,2,1982,7327090,166044,2023-02-04
P00036,Nakuru,House,3126,3,1,2003,21885050,121715,2023-02-05
P00037,Kisumu,Commercial,1702,2,2,2016,32834022,36654,2023-02-06
P00038,Nakuru,Commercial,2535,2,3,1995,40391628,91423,2023-02-07
P00039,Nairobi,House,977,5,3,1983,16226559,39320,2023-02-08
P00040,Mombasa,Commercial,1754,4,1,2003,37257426,30808,2023-02-09
P00041,Eldoret,Commercial,1422,4,2,2013,28870540,62389,2023-02-10
P00042,Nairobi,Apartment,919,3,3,2009,33434302,128581,2023-02-11
P00043,Eldoret,Commercial,2704,3,2,1997,40112237,137927,2023-02-12
P00044,Mombasa,House,3097,4,2,1998,39456876,44773,2023-02-13
P00045,Mombasa,Apartment,1620,5,1,2010,17969728,192240,2023-02-14
P00046,Nairobi,Apartment,3568,4,3,1998,48718418,168819,2023-02-15
P00047,Mombasa,House,1450,5,1,1998,21491595,86396,2023-02-16
P00048,Nakuru,House,2836,3,1,2001,32175239,117692,2023-02-17
P00049,Mombasa,Apartment,2743,1,3,2003,6845447,67505,2023-02-18
P00050,Eldoret,Commercial,3145,3,3,1991,47847988,95896,2023-02-19
P00051,Eldoret,Apartment,2357,3,2,2009,36103852,28135,2023-02-20
P00052,Eldoret,House,2365,2,3,2017,12737532,100887,2023-02-21
P00053,Eldoret,Apartment,3412,2,2,2010,49491820,132118,2023-02-22
P00054,Nakuru,House,3353,2,2,2015,9312934,57377,2023-02-23
P00055,Kisumu,Apartment,3728,2,2,1998,4900379,164626,2023-02-24
P00056,Nairobi,Commercial,4219,5,3,2015,38358841,72491,2023-02-25
P00057,Eldoret,Apartment,3728,4,1,2009,12353540,196693,2023-02-26
P00058,Mombasa,Apartment,2871,1,2,2012,7722055,68283,2023-02-27
P00059,Eldoret,House,3391,3,1,1997,16056024,26923,2023-02-28
P00060,Mombasa,House,4256,5,1,2007,49968538,57591,2023-03-01
P00061,Mombasa,House,4725,1,3,1990,10035949,72261,2023-03-02
P00062,Eldoret,Apartment,594,5,1,2012,19298198,64336,2023-03-03
P00063,Nakuru,Commercial,3174,5,1,1996,33672748,84083,2023-03-04
P00064,Mombasa,House,2455,3,3,1985,7281646,70948,2023-03-05
P00065,Mombasa,House,1293,4,2,1983,40980720,174074,2023-03-06
P00066,Eldoret,Apartment,2334,2,1,1999,44144878,36672,2023-03-07
P00067,Mombasa,House,2616,4,3,2006,29751505,14213,2023-03-08
P00068,Mombasa,Commercial,4606,3,1,1994,22958593,151365,2023-03-09
P00069,Eldoret,Commercial,3825,3,1,1985,39835523,196932,2023-03-10
P00070,Eldoret,House,3419,3,2,1993,38962717,72507,2023-03-11
P00071,Nairobi,House,3097,1,1,1990,15945952,67134,2023-03-12
P00072,Nakuru,Apartment,3705,4,3,2018,14363838,143172,2023-03-13
P00073,Nakuru,Commercial,1314,4,1,1988,28550115,38172,2023-03-14
P00074,Mombasa,Commercial,845,5,2,2005,42566801,30132,2023-03-15
P00075,Nakuru,House,2849,5,2,1995,12044590,28199,2023-03-16
P00076,Mombasa,Apartment,862,5,3,1984,12633575,46609,2023-03-17
P00077,Nairobi,Commercial,2943,3,2,1989,6059667,184037,2023-03-18
P00078,Eldoret,Commercial,2765,4,1,1982,42645168,149088,2023-03-19
P00079,Eldoret,Apartment,2688,3,2,1992,37540128,180851,2023-03-20
P00080,Eldoret,Apartment,3505,1,3,2022,9826233,41881,2023-03-21
P00081,Nakuru,Commercial,3781,5,2,2009,37855538,34472,2023-03-22
P00082,Nairobi,Commercial,1484,3,2,1985,48336078,192885,2023-03-23
P00083,Nakuru,Apartment,2139,3,2,1996,19149286,177093,2023-03-24
P00084,Nakuru,Commercial,1327,1,3,1998,28596545,64131,2023-03-25
P00085,Nairobi,House,3230,2,2,2021,24498524,165159,2023-03-26
P00086,Nairobi,House,4031,4,2,2014,30184104,22828,2023-03-27
P00087,Nairobi,Apartment,4951,2,1,2005,26018569,106664,2023-03-28
P00088,Nairobi,Apartment,3435,5,3,1984,11930625,142473,2023-03-29
P00089,Eldoret,Apartment,4376,3,2,2008,22227468,25193,2023-03-30
P00090,Kisumu,House,626,1,3,2016,44513097,185936,2023-03-31
P00091,Kisumu,Commercial,3677,1,2,1999,10249677,161379,2023-04-01
P00092,Nairobi,House,3556,4,2,2000,48657169,112518,2023-04-02
P00093,Kisumu,Commercial,1103,2,2,1989,31223477,29611,2023-04-03
P00094,Kisumu,House,3949,4,1,1984,28327176,184863,2023-04-04
P00095,Nairobi,Commercial,4646,3,1,2015,14737336,153022,2023-04-05
P00096,Kisumu,House,4033,4,1,1985,23432851,86240,2023-04-06
P00097,Nakuru,Apartment,3867,1,3,2005,49032410,12745,2023-04-07
P00098,Mombasa,House,3868,1,3,1983,29373620,65243,2023-04-08
P00099,Mombasa,Commercial,4297,5,1,2018,17938661,13866,2023-04-09
P00100,Nairobi,House,2292,5,3,2018,4834242,173317,2023-04-10
P00101,Eldoret,House,3361,3,2,2014,12671439,185796,2023-04-11
P00102,Nairobi,House,3976,2,2,1980,30584733,138681,2023-04-12
P00103,Eldoret,Apartment,3917,4,2,2003,7494503,81354,2023-04-13
P00104,Mombasa,House,2145,3,1,2015,33266497,61374,2023-04-14
P00105,Nairobi,Apartment,1705,5,3,1985,32707048,124397,2023-04-15
P00106,Nakuru,Apartment,3530,4,1,2020,1684029,134577,2023-04-16
P00107,Kisumu,House,3372,5,3,2010,6337355,171188,2023-04-17
P00108,Eldoret,House,3572,4,2,1999,49761066,91029,2023-04-18
P00109,Kisumu,House,2354,2,1,2003,7981440,103574,2023-04-19
P00110,Kisumu,Commercial,4521,3,3,2004,27918198,161519,2023-04-20
P00111,Nairobi,House,3208,4,3,2015,38554126,40431,2023-04-21
P00112,Kisumu,Apartment,4002,1,2,2000,17684388,158980,2023-04-22
P00113,Nakuru,House,1832,1,1,2009,48878717,39336,2023-04-23
P00114,Kisumu,Commercial,701,4,1,2003,45768534,50992,2023-04-24
P00115,Nairobi,House,4007,4,1,2021,19138519,65350,2023-04-25
P00116,Nakuru,Commercial,4712,4,2,2009,21978981,79561,2023-04-26
P00117,Mombasa,Commercial,1074,1,1,2001,8964443,61955,2023-04-27
P00118,Kisumu,House,1036,1,2,2007,22444021,71240,2023-04-28
P00119,Nairobi,Apartment,2125,4,2,1986,35751594,161165,2023-04-29
P00120,Mombasa,Commercial,2622,5,2,2014,35600593,147227,2023-04-30
P00121,Mombasa,House,885,5,3,2007,5688482,56607,2023-05-01
P00122,Eldoret,House,3781,2,1,1993,42902454,174559,2023-05-02
P00123,Nakuru,Apartment,974,3,1,1989,49465992,196740,2023-05-03
P00124,Kisumu,Commercial,917,5,2,1995,41538036,162035,2023-05-04
P00125,Nairobi,Commercial,4100,1,2,1995,11168293,191196,2023-05-05
P00126,Eldoret,House,1454,5,1,2010,34222265,62870,2023-05-06
P00127,Nakuru,House,1705,2,2,2021,39309051,197619,2023-05-07
P00128,Eldoret,Apartment,4620,2,1,2004,33337259,74110,2023-05-08
P00129,Nakuru,Apartment,2490,3,3,1992,7465377,194626,2023-05-09
P00130,Nakuru,Commercial,4072,5,2,1985,40683871,162008,2023-05-10
P00131,Kisumu,Commercial,4880,1,1,1988,43616258,126895,2023-05-11
P00132,Nakuru,House,4658,1,2,2015,5902059,14426,2023-05-12
P00133,Eldoret,Commercial,3213,4,1,2022,45604238,37606,2023-05-13
P00134,Nakuru,Apartment,2703,1,1,1999,41162344,188904,2023-05-14
P00135,Kisumu,Apartment,3620,3,2,1997,40128126,38151,2023-05-15
P00136,Kisumu,House,1466,3,3,2022,23005782,21308,2023-05-16
P00137,Eldoret,Apartment,3932,1,1,2000,28345255,186743,2023-05-17
P00138,Mombasa,Apartment,1188,1,1,1983,18496623,100306,2023-05-18
P00139,Mombasa,Apartment,4743,4,1,2012,46858810,116984,2023-05-19
P00140,Nakuru,Apartment,4201,1,3,2006,32457080,12204,2023-05-20
P00141,Nairobi,House,841,4,3,1986,11569315,102769,2023-05-21
P00142,Nakuru,House,2224,4,2,1985,11089851,97265,2023-05-22
P00143,Eldoret,Commercial,4922,1,3,1994,4887008,41131,2023-05-23
P00144,Eldoret,Apartment,2292,2,2,1997,44755415,62428,2023-05-24
P00145,Eldoret,Commercial,2259,2,2,2011,46570487,43870,2023-05-25
P00146,Eldoret,House,3712,4,3,1990,41279707,113547,2023-05-26
P00147,Eldoret,House,1489,1,2,1999,38170084,59067,2023-05-27
P00148,Kisumu,House,2762,2,3,2003,22970950,199657,2023-05-28
P00149,Mombasa,House,2982,1,2,1994,9457411,122217,2023-05-29
P00150,Eldoret,House,1451,1,3,1986,10137344,162679,2023-05-30
P00151,Nairobi,House,1222,1,3,2000,40275054,166040,2023-05-31
P00152,Nairobi,House,3889,5,2,2021,43188444,108934,2023-06-01
P00153,Nairobi,Apartment,2579,1,1,2005,7933705,152980,2023-06-02
P00154,Nairobi,Commercial,3217,5,2,1993,23322619,167495,2023-06-03
P00155,Kisumu,House,2832,4,3,2016,17794513,84707,2023-06-04
P00156,Nairobi,Apartment,3876,2,1,2000,29820898,71215,2023-06-05
P00157,Eldoret,Apartment,2000,2,2,1997,47705646,196907,2023-06-06
P00158,Nakuru,Commercial,785,2,2,1984,40564766,59429,2023-06-07
P00159,Nairobi,House,3995,2,2,1982,45969434,92152,2023-06-08
P00160,Kisumu,Commercial,2565,2,1,2002,15512253,118048,2023-06-09
P00161,Kisumu,House,1268,2,3,2005,10615754,179530,2023-06-10
P00162,Nairobi,Apartment,3557,2,2,2016,33254832,187241,2023-06-11
P00163,Nakuru,Apartment,4789,4,2,2003,23529829,148731,2023-06-12
P00164,Nairobi,Apartment,2661,1,2,1998,15557759,87240,2023-06-13
P00165,Kisumu,Apartment,3793,3,2,2004,23414241,173865,2023-06-14
P00166,Mombasa,Commercial,1446,5,2,2000,10004471,123688,2023-06-15
P00167,Eldoret,House,3835,3,3,1991,16723723,56473,2023-06-16
P00168,Kisumu,House,4650,3,3,2020,4765056,106762,2023-06-17
P00169,Nairobi,Commercial,1981,1,2,2012,4325315,116956,2023-06-18
P00170,Eldoret,House,2401,1,1,1983,48715952,128452,2023-06-19
P00171,Nairobi,Apartment,3951,1,3,2021,15067121,196823,2023-06-20
P00172,Nairobi,House,4564,2,1,1986,6217092,136311,2023-06-21
P00173,Mombasa,Apartment,554,4,3,2001,42819037,195326,2023-06-22
P00174,Eldoret,Commercial,2323,2,2,2012,38375319,17006,2023-06-23
P00175,Eldoret,House,3962,4,3,1996,24429562,84218,2023-06-24
P00176,Mombasa,Commercial,3579,4,2,2003,3846274,174912,2023-06-25
P00177,Kisumu,House,1332,3,3,2013,47782538,42430,2023-06-26
P00178,Nairobi,Apartment,4908,3,2,2007,47338604,33091,2023-06-27
P00179,Nakuru,Commercial,3306,4,2,2022,40542531,174055,2023-06-28
P00180,Nairobi,House,2990,4,2,2020,24846553,33989,2023-06-29
P00181,Nairobi,Apartment,827,2,2,2018,34268890,85451,2023-06-30
P00182,Kisumu,Commercial,3810,2,1,2001,25649133,28990,2023-07-01
P00183,Nairobi,Commercial,3800,3,2,1996,17159082,100270,2023-07-02
P00184,Mombasa,House,4175,1,1,2013,34931226,90360,2023-07-03
P00185,Mombasa,House,3554,4,1,1985,17213225,46081,2023-07-04
P00186,Eldoret,House,2643,2,2,1985,21655666,152105,2023-07-05
P00187,Nakuru,Apartment,1811,3,1,2013,34187633,118272,2023-07-06
P00188,Nairobi,House,3691,2,3,1980,4033349,26241,2023-07-07
P00189,Nairobi,Commercial,3038,4,2,1989,27687290,134932,2023-07-08
P00190,Kisumu,Commercial,4483,4,1,2000,28646076,15939,2023-07-09
P00191,Mombasa,House,664,5,2,1984,24184270,123000,2023-07-10
P00192,Nakuru,House,4777,1,2,1981,15930164,188634,2023-07-11
P00193,Eldoret,Commercial,1322,5,2,2001,35337309,45063,2023-07-12
P00194,Mombasa,Apartment,1443,3,1,1981,22680041,168117,2023-07-13
P00195,Eldoret,House,4925,2,3,1989,41622564,185841,2023-07-14
P00196,Kisumu,House,1274,3,3,2013,32590521,57118,2023-07-15
P00197,Kisumu,Commercial,2698,4,1,1995,30051004,94703,2023-07-16
P00198,Nairobi,House,3656,5,2,2018,48339044,162697,2023-07-17
P00199,Nakuru,Apartment,4742,5,1,2001,12999401,138557,2023-07-18
P00200,Eldoret,Commercial,4195,5,1,1991,7299492,37076,2023-07-19
P00201,Mombasa,House,3952,3,1,2003,23576162,54605,2023-07-20
P00202,Kisumu,Commercial,1414,4,2,2019,29465797,94565,2023-07-21
P00203,Nairobi,House,1808,2,1,2017,40483075,49121,2023-07-22
P00204,Nairobi,House,4677,2,2,1989,46024017,41433,2023-07-23
P00205,Eldoret,House,1013,3,1,2014,44279132,53309,2023-07-24
P00206,Kisumu,Apartment,2420,5,3,2011,31732364,77468,2023-07-25
P00207,Nakuru,Apartment,4094,1,1,1986,35404782,185326,2023-07-26
P00208,Kisumu,Commercial,1909,3,1,2000,48069821,77293,2023-07-27
P00209,Eldoret,House,3690,3,3,1999,46148268,106258,2023-07-28
P00210,Eldoret,House,4991,4,2,2005,9556255,178925,2023-07-29
P00211,Kisumu,Apartment,2055,2,2,1983,34989909,48405,2023-07-30
P00212,Eldoret,House,1304,3,1,2001,44626563,53527,2023-07-31
P00213,Kisumu,Apartment,1779,3,3,1994,49786500,87227,2023-08-01
P00214,Mombasa,House,4077,5,2,2019,40206376,141564,2023-08-02
P00215,Kisumu,Commercial,3401,5,1,2000,30362480,149883,2023-08-03
P00216,Kisumu,House,1887,1,3,1994,5327308,103344,2023-08-04
P00217,Eldoret,House,3261,4,2,2001,45903073,165344,2023-08-05
P00218,Eldoret,Apartment,3179,1,2,2007,24729530,57153,2023-08-06
P00219,Nairobi,House,2606,5,3,1993,45771670,118042,2023-08-07
P00220,Nairobi,House,4723,2,3,2006,13633010,64110,2023-08-08
P00221,Mombasa,Apartment,3268,5,3,2020,24442985,155051,2023-08-09
P00222,Nairobi,Commercial,4453,4,3,2019,41093087,38328,2023-08-10
P00223,Kisumu,Commercial,3686,5,1,2007,26291884,122911,2023-08-11
P00224,Eldoret,Apartment,3780,4,3,2005,31596658,22867,2023-08-12
P00225,Nairobi,Apartment,3073,4,2,1981,23745849,69234,2023-08-13
P00226,Nairobi,Apartment,3099,4,2,2004,47267888,35851,2023-08-14
P00227,Mombasa,Apartment,4533,4,1,1982,32981908,41279,2023-08-15
P00228,Mombasa,Apartment,736,4,2,1987,24675262,83402,2023-08-16
P00229,Kisumu,Commercial,1804,2,2,2012,20854315,25449,2023-08-17
P00230,Eldoret,Commercial,3930,1,3,2021,3844180,86221,2023-08-18
P00231,Mombasa,Apartment,1801,3,2,2014,12010186,99080,2023-08-19
P00232,Nairobi,House,3041,1,1,1985,47530918,15451,2023-08-20
P00233,Eldoret,Apartment,2551,4,3,2018,16148530,97178,2023-08-21
P00234,Eldoret,House,941,2,3,2002,39620544,182388,2023-08-22
P00235,Nairobi,Apartment,2576,5,1,2004,11061403,73761,2023-08-23
P00236,Mombasa,Apartment,3680,2,3,2022,21871102,48870,2023-08-24
P00237,Nairobi,Commercial,3157,4,3,1998,29105186,106566,2023-08-25
P00238,Eldoret,House,4298,2,1,1984,43505100,133749,2023-08-26
P00239,Nakuru,House,1304,2,3,1990,6301358,133765,2023-08-27
P00240,Nakuru,Commercial,574,4,1,1991,19283361,134881,2023-08-28
P00241,Kisumu,Commercial,2675,2,1,1989,20425418,171945,2023-08-29
P00242,Nairobi,Commercial,4424,3,2,1987,18970147,138389,2023-08-30
P00243,Nairobi,Commercial,2589,3,2,2003,48905202,199699,2023-08-31
P00244,Kisumu,House,540,2,3,2007,5889084,35372,2023-09-01
P00245,Kisumu,House,2581,5,3,2020,41687888,13642,2023-09-02
P00246,Kisumu,Apartment,2122,4,1,2015,1871522,169073,2023-09-03
P00247,Eldoret,Apartment,841,3,3,2016,23826747,44064,2023-09-04
P00248,Nairobi,Commercial,4552,5,1,2000,16523665,24122,2023-09-05
P00249,Eldoret,Commercial,2574,2,1,1987,30538040,165892,2023-09-06
P00250,Kisumu,Commercial,1145,5,3,1988,49410263,78431,2023-09-07
P00251,Nairobi,Apartment,4763,1,1,1994,49470777,65745,2023-09-08
P00252,Eldoret,Apartment,1109,3,2,2019,36736338,60081,2023-09-09
P00253,Eldoret,Apartment,954,2,3,1997,20382100,149783,2023-09-10
P00254,Kisumu,Apartment,3453,4,2,2021,32607303,159865,2023-09-11
P00255,Nairobi,Apartment,2208,2,3,1999,36259675,149271,2023-09-12
P00256,Kisumu,Apartment,3972,4,1,1985,38829124,86253,2023-09-13
P00257,Nairobi,Apartment,3469,2,3,1991,30188752,46191,2023-09-14
P00258,Nakuru,Commercial,3528,5,2,1981,34327716,20211,2023-09-15
P00259,Mombasa,Commercial,3181,5,1,1986,3975605,121086,2023-09-16
P00260,Mombasa,Commercial,4129,5,3,1995,39653586,197818,2023-09-17
P00261,Mombasa,Commercial,4725,1,3,1982,32664126,162614,2023-09-18
P00262,Kisumu,Apartment,3567,4,3,1982,47831679,172384,2023-09-19
P00263,Nakuru,House,1886,5,2,2006,14763700,186314,2023-09-20
P00264,Nairobi,Apartment,4276,1,2,2022,24066465,111971,2023-09-21
P00265,Eldoret,House,3366,4,3,2019,15573834,103783,2023-09-22
P00266,Nairobi,Commercial,3863,2,1,2017,42707317,135681,2023-09-23
P00267,Eldoret,Apartment,4624,1,1,2012,10176748,97893,2023-09-24
P00268,Nairobi,Commercial,648,3,2,2007,23941230,196460,2023-09-25
P00269,Nakuru,Apartment,4350,1,1,1980,46501579,168763,2023-09-26
P00270,Eldoret,Commercial,2558,1,2,1987,29911861,87960,2023-09-27
P00271,Kisumu,House,1636,4,3,2016,25276628,94388,2023-09-28
P00272,Nairobi,House,686,2,2,2011,40770506,32601,2023-09-29
P00273,Nairobi,House,3354,3,2,2022,11511846,159092,2023-09-30
P00274,Eldoret,Apartment,1750,5,3,2016,47669316,149227,2023-10-01
P00275,Kisumu,House,1833,5,1,1983,39143159,177849,2023-10-02
P00276,Kisumu,Apartment,4693,1,2,2009,44562003,29710,2023-10-03
P00277,Nakuru,House,4650,4,2,1985,9978989,118714,2023-10-04
P00278,Kisumu,House,3211,4,3,1998,14792249,165604,2023-10-05
P00279,Kisumu,Apartment,2285,5,1,2011,29098059,138727,2023-10-06
P00280,Kisumu,Apartment,1250,3,2,1988,4683909,159673,2023-10-07
P00281,Mombasa,House,2262,2,3,1991,36094032,73227,2023-10-08
P00282,Nakuru,Apartment,4420,3,2,1990,42019538,146039,2023-10-09
P00283,Nairobi,House,4960,2,3,1995,20847987,94289,2023-10-10
P00284,Eldoret,Apartment,981,5,1,1980,18920863,161094,2023-10-11
P00285,Nairobi,Commercial,653,2,1,2000,33453189,184535,2023-10-12
P00286,Nakuru,Commercial,2024,4,1,2009,46554686,15722,2023-10-13
P00287,Eldoret,Commercial,2620,1,1,1992,24933622,168485,2023-10-14
P00288,Nakuru,Commercial,2843,1,2,2013,2416953,91050,2023-10-15
P00289,Kisumu,Commercial,1740,5,2,1983,31250211,93596,2023-10-16
P00290,Eldoret,House,560,4,1,2007,20471461,76732,2023-10-17
P00291,Kisumu,Commercial,1438,3,1,2017,30288010,153369,2023-10-18
P00292,Nairobi,Commercial,2139,4,1,2010,1421280,78323,2023-10-19
P00293,Nairobi,Commercial,4620,1,2,2006,1909245,33816,2023-10-20
P00294,Eldoret,Commercial,4726,1,1,1984,16993238,50695,2023-10-21
P00295,Eldoret,Apartment,4069,4,1,2004,49427722,160774,2023-10-22
P00296,Nakuru,House,1752,4,1,1982,35147064,166314,2023-10-23
P00297,Nakuru,Commercial,4703,1,3,2012,13425714,65841,2023-10-24
P00298,Kisumu,Commercial,671,3,1,1983,30920720,138498,2023-10-25
P00299,Eldoret,Commercial,1958,5,3,2004,27638002,117096,2023-10-26
P00300,Nairobi,House,4049,5,3,1999,17439220,102764,2023-10-27
P00301,Nakuru,Apartment,4697,4,1,2013,13259034,194646,2023-10-28
P00302,Nakuru,House,2822,5,3,2005,6730385,95744,2023-10-29
P00303,Nairobi,Apartment,2136,1,1,1984,26580123,38482,2023-10-30
P00304,Nakuru,Commercial,3615,1,2,2014,36935918,19171,2023-10-31
P00305,Kisumu,Commercial,4590,4,2,2007,48368963,110755,2023-11-01
P00306,Eldoret,House,3504,4,2,2008,42722758,118125,2023-11-02
P00307,Nairobi,House,829,4,2,1988,13550508,140722,2023-11-03
P00308,Eldoret,Apartment,4140,3,3,2017,34214626,116082,2023-11-04
P00309,Nakuru,Apartment,4394,5,1,1985,44860083,13696,2023-11-05
P00310,Nakuru,House,4607,4,1,1998,14605804,136310,2023-11-06
P00311,Nairobi,Apartment,1841,2,1,1990,8085904,161130,2023-11-07
P00312,Kisumu,House,4163,2,2,1981,14824880,161385,2023-11-08
P00313,Mombasa,Apartment,715,1,2,1988,7699744,29149,2023-11-09
P00314,Nairobi,House,838,5,1,2000,11587999,140064,2023-11-10
P00315,Mombasa,House,4562,4,2,2003,26801543,63521,2023-11-11
P00316,Mombasa,House,3208,2,1,2013,37355877,55740,2023-11-12
P00317,Kisumu,Apartment,3652,5,1,2001,26974082,116611,2023-11-13
P00318,Mombasa,Apartment,2250,1,1,1982,47467514,146028,2023-11-14
P00319,Mombasa,Apartment,2921,3,1,1991,45807180,76641,2023-11-15
P00320,Kisumu,House,1209,5,1,2007,12953070,73811,2023-11-16
P00321,Mombasa,Apartment,4226,5,1,2009,7839789,193232,2023-11-17
P00322,Mombasa,Apartment,4142,3,1,2005,9570556,192385,2023-11-18
P00323,Mombasa,House,4493,5,2,2000,20360030,73232,2023-11-19
P00324,Nairobi,Commercial,988,1,1,2007,15994127,25417,2023-11-20
P00325,Nairobi,House,546,1,1,2005,35761183,165801,2023-11-21
P00326,Nairobi,Apartment,3859,3,2,2012,32707157,122492,2023-11-22
P00327,Kisumu,House,900,4,2,2000,1953692,40099,2023-11-23
P00328,Nakuru,Commercial,4490,2,2,2014,17994986,171033,2023-11-24
P00329,Mombasa,House,3657,4,1,2013,22614133,153674,2023-11-25
P00330,Mombasa,Apartment,4845,5,3,2020,41523561,128474,2023-11-26
P00331,Kisumu,Commercial,890,2,3,1997,33401727,19256,2023-11-27
P00332,Mombasa,Apartment,4353,3,2,1990,11825853,44681,2023-11-28
P00333,Nairobi,Commercial,4930,3,3,2002,17515348,101328,2023-11-29
P00334,Nakuru,Commercial,1128,2,2,2001,32343819,53361,2023-11-30
P00335,Eldoret,House,4732,1,1,1996,33479425,44540,2023-12-01
P00336,Mombasa,House,3430,2,3,1984,23687400,167608,2023-12-02
P00337,Nairobi,Apartment,2021,5,1,1990,33555703,94700,2023-12-03
P00338,Eldoret,House,1326,1,3,2009,19567224,88532,2023-12-04
P00339,Nakuru,House,2000,3,1,1994,39067502,197647,2023-12-05
P00340,Eldoret,Commercial,3794,2,3,2006,27504354,137626,2023-12-06
P00341,Nairobi,House,2919,4,1,2014,22244167,143943,2023-12-07
P00342,Eldoret,Commercial,1434,4,1,2012,45124953,56002,2023-12-08
P00343,Kisumu,Commercial,3542,5,3,1999,2478768,59812,2023-12-09
P00344,Eldoret,Commercial,4997,4,1,1995,10953821,163698,2023-12-10
P00345,Mombasa,Apartment,1966,2,1,2013,16008832,118946,2023-12-11
P00346,Mombasa,Apartment,4061,2,1,1981,26853976,76668,2023-12-12
P00347,Kisumu,Apartment,1114,4,3,2014,34957412,109003,2023-12-13
P00348,Nairobi,Commercial,1682,2,3,2019,27204160,52998,2023-12-14
P00349,Mombasa,Apartment,3723,5,1,2007,29044174,114601,2023-12-15
P00350,Nakuru,Apartment,3167,1,1,2018,10557540,186679,2023-12-16
P00351,Mombasa,House,630,5,3,1985,25334476,17812,2023-12-17
P00352,Mombasa,Apartment,3483,5,3,1988,15722791,71844,2023-12-18
P00353,Nairobi,Apartment,4778,2,1,1999,15163844,143251,2023-12-19
P00354,Eldoret,Commercial,4959,1,1,1980,41487099,184870,2023-12-20
P00355,Mombasa,Commercial,538,2,1,1987,10837695,84601,2023-12-21
P00356,Kisumu,Commercial,4459,3,2,2002,3108542,149347,2023-12-22
P00357,Eldoret,Commercial,4087,2,3,1982,41476928,191646,2023-12-23
P00358,Nakuru,Commercial,1420,2,2,1983,10326243,57857,2023-12-24
P00359,Nairobi,Commercial,3269,2,3,2004,19163905,135555,2023-12-25
P00360,Nakuru,Apartment,4611,1,3,2017,46759166,30700,2023-12-26
P00361,Eldoret,Commercial,992,2,3,1994,46010023,180536,2023-12-27
P00362,Eldoret,Commercial,1631,1,3,2000,37400662,183423,2023-12-28
P00363,Eldoret,House,4021,4,3,2014,14970696,103330,2023-12-29
P00364,Nakuru,Apartment,810,3,3,1993,19895649,154941,2023-12-30
P00365,Eldoret,Apartment,1238,1,3,2015,6553535,162026,2023-12-31
P00366,Nakuru,Apartment,3741,4,2,1991,4678621,172627,2024-01-01
P00367,Eldoret,Commercial,1045,1,1,1996,39111198,73353,2024-01-02
P00368,Kisumu,Commercial,2961,1,1,2018,16074661,186098,2024-01-03
P00369,Eldoret,Commercial,4846,3,2,1988,40781450,110772,2024-01-04
P00370,Nakuru,House,2304,5,2,2014,22777762,188048,2024-01-05
P00371,Mombasa,Commercial,3712,5,2,1992,10686599,101502,2024-01-06
P00372,Eldoret,House,4310,1,2,1994,7971138,123943,2024-01-07
P00373,Mombasa,Apartment,1313,2,3,1997,31450573,119850,2024-01-08
P00374,Kisumu,Commercial,4624,4,1,2012,49791739,55095,2024-01-09
P00375,Nairobi,House,2532,2,3,1985,44757228,155342,2024-01-10
P00376,Kisumu,House,4913,2,1,2006,45050399,171980,2024-01-11
P00377,Eldoret,Commercial,744,1,1,2002,43161441,25523,2024-01-12
P00378,Mombasa,Apartment,771,1,2,2006,27150956,72433,2024-01-13
P00379,Mombasa,Apartment,4011,1,3,2013,9547900,188140,2024-01-14
P00380,Nakuru,Apartment,2271,1,2,2017,31885970,29991,2024-01-15
P00381,Mombasa,House,1762,5,3,1993,30856890,20775,2024-01-16
P00382,Nakuru,House,2924,1,1,2015,42099621,94995,2024-01-17
P00383,Nairobi,House,4861,5,2,1987,12556367,157745,2024-01-18
P00384,Eldoret,House,1420,5,2,2014,43406977,132808,2024-01-19
P00385,Nakuru,Apartment,3930,1,1,1998,16275664,168128,2024-01-20
P00386,Nairobi,Commercial,4935,3,1,2009,3681206,147686,2024-01-21
P00387,Mombasa,House,4984,4,1,1993,34742203,17415,2024-01-22
P00388,Mombasa,House,3124,2,2,1999,18014415,184956,2024-01-23
P00389,Nairobi,Apartment,4260,5,3,2004,41844645,158036,2024-01-24
P00390,Mombasa,Commercial,2550,4,2,2019,15392507,178798,2024-01-25
P00391,Nairobi,Commercial,4000,3,3,2003,20634497,47044,2024-01-26
P00392,Nakuru,Apartment,1665,2,2,1993,45675521,198221,2024-01-27
P00393,Nakuru,Apartment,875,2,2,2005,31000601,178616,2024-01-28
P00394,Nairobi,Commercial,2533,5,1,2017,46545655,59976,2024-01-29
P00395,Nakuru,House,645,1,3,2002,35305950,173324,2024-01-30
P00396,Nakuru,Commercial,4888,3,2,2001,18290529,13832,2024-01-31
P00397,Nakuru,Apartment,931,5,2,1998,46874626,44148,2024-02-01
P00398,Kisumu,House,1204,3,1,1982,29380039,122230,2024-02-02
P00399,Eldoret,House,3132,1,1,2021,49383190,95076,2024-02-03
P00400,Mombasa,Apartment,4994,1,3,1998,32581133,194531,2024-02-04
P00401,Kisumu,Apartment,1463,5,2,1988,3332214,48402,2024-02-05
P00402,Nakuru,Apartment,2734,1,3,2007,28496053,198799,2024-02-06
P00403,Nairobi,Commercial,2541,4,2,1999,39636252,48578,2024-02-07
P00404,Nakuru,Commercial,2328,2,3,1986,23043878,100453,2024-02-08
P00405,Eldoret,House,2608,5,1,1993,34015348,163390,2024-02-09
P00406,Nakuru,Apartment,4568,3,2,1988,32263040,85715,2024-02-10
P00407,Nairobi,House,1438,4,3,1998,10042832,121435,2024-02-11
P00408,Eldoret,House,1306,5,1,1993,3250397,161538,2024-02-12
P00409,Nakuru,House,1963,1,1,2017,44942324,105742,2024-02-13
P00410,Eldoret,House,3915,1,3,2015,11390284,55475,2024-02-14
P00411,Mombasa,Apartment,510,1,2,2019,42846292,70142,2024-02-15
P00412,Mombasa,House,2368,1,2,1996,43397458,167636,2024-02-16
P00413,Nakuru,Apartment,1384,3,1,2009,31891320,163484,2024-02-17
P00414,Eldoret,Apartment,4064,4,2,1988,42280792,103526,2024-02-18
P00415,Nairobi,Commercial,1889,2,2,2012,2472542,61001,2024-02-19
P00416,Nakuru,Apartment,3901,3,2,2004,5473014,67649,2024-02-20
P00417,Mombasa,Commercial,4821,3,1,1993,14245462,176589,2024-02-21
P00418,Mombasa,Apartment,1324,2,3,1990,33463391,154228,2024-02-22
P00419,Nakuru,Apartment,2765,2,2,2014,4529801,164136,2024-02-23
P00420,Eldoret,Apartment,1436,1,1,2020,34242121,35711,2024-02-24
P00421,Mombasa,Commercial,3300,3,1,1993,39362595,40106,2024-02-25
P00422,Eldoret,Commercial,3053,5,3,2009,34424949,75458,2024-02-26
P00423,Mombasa,House,4345,2,2,2020,40839283,157661,2024-02-27
P00424,Mombasa,Commercial,2296,2,2,1983,47137503,140429,2024-02-28
P00425,Kisumu,Commercial,553,4,3,1983,46756273,111754,2024-02-29
P00426,Mombasa,Commercial,1226,5,3,2007,33455693,148286,2024-03-01
P00427,Nairobi,Commercial,3236,5,1,1987,44154609,136479,2024-03-02
P00428,Nakuru,House,3670,2,1,1981,47504347,168199,2024-03-03
P00429,Nakuru,Commercial,2413,1,3,2020,2195885,146213,2024-03-04
P00430,Eldoret,Apartment,2096,4,2,2001,44099123,38884,2024-03-05
P00431,Mombasa,Apartment,2414,5,1,2020,28140148,12708,2024-03-06
P00432,Nairobi,Commercial,2966,2,1,1995,31423447,28375,2024-03-07
P00433,Eldoret,Commercial,3237,5,2,2008,38452622,25088,2024-03-08
P00434,Kisumu,Apartment,1349,4,1,2009,25163349,67615,2024-03-09
P00435,Eldoret,Apartment,2609,4,2,1991,4388445,120138,2024-03-10
P00436,Eldoret,House,502,3,2,2014,20520190,186118,2024-03-11
P00437,Mombasa,Apartment,4755,2,2,1990,46435139,20014,2024-03-12
P00438,Kisumu,Apartment,4569,4,3,2000,10667788,144345,2024-03-13
P00439,Eldoret,Commercial,1392,3,3,2000,46276218,188207,2024-03-14
P00440,Nairobi,Apartment,2530,3,3,1984,42752022,112842,2024-03-15
P00441,Nairobi,House,3660,5,2,1999,9182535,171953,2024-03-16
P00442,Nakuru,Apartment,2876,5,2,2016,25843729,88077,2024-03-17
P00443,Kisumu,Commercial,2433,3,3,1982,47474251,149784,2024-03-18
P00444,Kisumu,Commercial,1880,5,1,2012,11196894,62874,2024-03-19
P00445,Nakuru,Apartment,4181,4,2,1988,13988365,79087,2024-03-20
P00446,Eldoret,Commercial,1790,1,1,1988,31031137,22297,2024-03-21
P00447,Kisumu,House,2140,4,1,1983,38917521,37128,2024-03-22
P00448,Nairobi,House,3182,3,2,2014,49439031,78368,2024-03-23
P00449,Nairobi,Apartment,1487,3,2,1996,20575137,88958,2024-03-24
P00450,Mombasa,Apartment,1718,4,1,2013,13762750,42920,2024-03-25
P00451,Kisumu,Apartment,1855,5,1,2003,33027722,152228,2024-03-26
P00452,Eldoret,Commercial,4765,5,3,2011,26434984,152180,2024-03-27
P00453,Nakuru,House,4635,3,3,1980,22847630,172917,2024-03-28
P00454,Nakuru,House,2060,2,2,1987,39647224,143872,2024-03-29
P00455,Eldoret,Commercial,1918,5,3,2002,1578526,183784,2024-03-30
P00456,Mombasa,House,1454,4,3,2019,7612208,143682,2024-03-31
P00457,Nakuru,Apartment,1483,5,3,1991,48799289,87603,2024-04-01
P00458,Kisumu,Apartment,1474,4,3,1991,8587676,43872,2024-04-02
P00459,Mombasa,Apartment,4633,3,1,1994,46288543,20728,2024-04-03
P00460,Kisumu,House,4472,5,2,2020,17541989,105102,2024-04-04
P00461,Nairobi,Apartment,1413,4,3,1998,22911760,132049,2024-04-05
P00462,Mombasa,Commercial,536,3,1,2005,1814422,30583,2024-04-06
P00463,Nakuru,Commercial,3887,2,1,2008,23082647,95774,2024-04-07
P00464,Mombasa,House,2211,4,1,2001,49161585,148335,2024-04-08
P00465,Mombasa,Commercial,3520,2,3,2019,17406440,136374,2024-04-09
P00466,Mombasa,Commercial,1295,2,3,2000,13663723,160528,2024-04-10
P00467,Mombasa,House,4536,1,2,2017,29042104,101118,2024-04-11
P00468,Kisumu,Apartment,3611,5,3,1999,20715903,75942,2024-04-12
P00469,Nairobi,Apartment,1824,4,3,2008,17192668,23689,2024-04-13
P00470,Eldoret,Apartment,817,2,1,1983,39707867,174006,2024-04-14
P00471,Mombasa,House,2896,1,2,1986,35971274,43276,2024-04-15
P00472,Nakuru,Commercial,2662,3,3,2007,4689024,111968,2024-04-16
P00473,Mombasa,Apartment,3245,4,3,2007,22173866,160945,2024-04-17
P00474,Nakuru,Apartment,2091,2,1,1983,21479634,23050,2024-04-18
P00475,Kisumu,House,3611,5,1,2001,11670216,76216,2024-04-19
P00476,Nakuru,Apartment,4430,1,3,1991,31807713,94040,2024-04-20
P00477,Eldoret,House,2496,2,2,1982,4641771,31644,2024-04-21
P00478,Nairobi,Commercial,1812,5,2,2001,40982531,72021,2024-04-22
P00479,Nakuru,House,1785,2,1,1981,33995939,178197,2024-04-23
P00480,Nakuru,House,4811,4,1,2003,5079441,52291,2024-04-24
P00481,Nairobi,House,2883,4,3,2013,6356430,176132,2024-04-25
P00482,Eldoret,House,3739,4,1,2006,24552818,142610,2024-04-26
P00483,Mombasa,Commercial,2639,1,3,2020,3188370,177248,2024-04-27
P00484,Nakuru,Commercial,2204,4,2,1980,16861936,51520,2024-04-28
P00485,Nairobi,Apartment,862,5,2,1987,10937093,35675,2024-04-29
P00486,Kisumu,Commercial,3104,2,3,2002,10955951,159359,2024-04-30
P00487,Nairobi,Commercial,2216,3,1,2017,48044555,10174,2024-05-01
P00488,Kisumu,Apartment,4951,5,2,1985,15023346,102268,2024-05-02
P00489,Eldoret,Commercial,4786,5,1,2001,48951268,44998,2024-05-03
P00490,Mombasa,House,4238,4,2,2004,29551568,194384,2024-05-04
P00491,Nairobi,House,2969,1,3,1997,48423958,153184,2024-05-05
P00492,Nakuru,Apartment,1056,2,3,1996,41540377,115410,2024-05-06
P00493,Eldoret,Apartment,1325,1,3,1991,10144220,85225,2024-05-07
P00494,Nairobi,Apartment,3308,2,2,1985,36630907,54814,2024-05-08
P00495,Nakuru,House,3219,2,1,2005,34122266,95091,2024-05-09
P00496,Nairobi,Commercial,4008,1,1,2006,3141912,60719,2024-05-10
P00497,Kisumu,House,4241,5,1,1987,4144311,139887,2024-05-11
P00498,Nairobi,Apartment,2074,2,2,1998,18062838,43919,2024-05-12
P00499,Nairobi,Commercial,4498,1,2,2021,19740105,83155,2024-05-13
P00500,Nairobi,Commercial,2629,2,2,1980,46969430,81569,2024-05-14
